"Id","Item","Value","SellValue"
"1","STONE","32","16"
"2","GRANITE","32","16"
"3","POLISHED_GRANITE","0","0"
"4","DIORITE","32","16"
"5","POLISHED_DIORITE","0","0"
"6","ANDESITE","32","16"
"7","POLISHED_ANDESITE","0","0"
"8","DEEPSLATE","36","18"
"9","COBBLED_DEEPSLATE","32","16"
"10","POLISHED_DEEPSLATE","0","0"
"11","CALCITE","42","21"
"12","TUFF","42","21"
"13","TUFF_SLAB","0","0"
"14","TUFF_STAIRS","0","0"
"15","TUFF_WALL","0","0"
"16","CHISELED_TUFF","0","0"
"17","POLISHED_TUFF","0","0"
"18","POLISHED_TUFF_SLAB","0","0"
"19","POLISHED_TUFF_STAIRS","0","0"
"20","POLISHED_TUFF_WALL","0","0"
"21","TUFF_BRICKS","0","0"
"22","TUFF_BRICK_SLAB","0","0"
"23","TUFF_BRICK_STAIRS","0","0"
"24","TUFF_BRICK_WALL","0","0"
"25","CHISELED_TUFF_BRICKS","0","0"
"26","DRIPSTONE_BLOCK","0","0"
"27","GRASS_BLOCK","24","12"
"28","DIRT","16","8"
"29","COARSE_DIRT","24","12"
"30","PODZOL","24","12"
"31","ROOTED_DIRT","32","16"
"32","MUD","24","12"
"33","CRIMSON_NYLIUM","42","21"
"34","WARPED_NYLIUM","42","21"
"35","COBBLESTONE","32","16"
"36","OAK_PLANKS","48","24"
"37","SPRUCE_PLANKS","48","24"
"38","BIRCH_PLANKS","48","24"
"39","JUNGLE_PLANKS","48","24"
"40","ACACIA_PLANKS","48","24"
"41","CHERRY_PLANKS","48","24"
"42","DARK_OAK_PLANKS","48","24"
"43","MANGROVE_PLANKS","48","24"
"44","BAMBOO_PLANKS","48","24"
"45","CRIMSON_PLANKS","48","24"
"46","WARPED_PLANKS","48","24"
"47","BAMBOO_MOSAIC","64","32"
"48","OAK_SAPLING","12","6"
"49","SPRUCE_SAPLING","12","6"
"50","BIRCH_SAPLING","12","6"
"51","JUNGLE_SAPLING","12","6"
"52","ACACIA_SAPLING","12","6"
"53","CHERRY_SAPLING","12","6"
"54","DARK_OAK_SAPLING","12","6"
"55","MANGROVE_PROPAGULE","16","12"
"56","BEDROCK","128_000_000","32_000_000"
"57","SAND","12","6"
"58","SUSPICIOUS_SAND","32","16"
"59","SUSPICIOUS_GRAVEL","32","16"
"60","RED_SAND","16","8"
"61","GRAVEL","12","6"
"62","COAL_ORE","128","64"
"63","DEEPSLATE_COAL_ORE","128","64"
"64","IRON_ORE","480","240"
"65","DEEPSLATE_IRON_ORE","480","240"
"66","COPPER_ORE","256","128"
"67","DEEPSLATE_COPPER_ORE","256","128"
"68","GOLD_ORE","640","320"
"69","DEEPSLATE_GOLD_ORE","640","320"
"70","REDSTONE_ORE","820","410"
"71","DEEPSLATE_REDSTONE_ORE","820","410"
"72","EMERALD_ORE","2_400","1_200"
"73","DEEPSLATE_EMERALD_ORE","2_400","1_200"
"74","LAPIS_ORE","640","320"
"75","DEEPSLATE_LAPIS_ORE","640","320"
"76","DIAMOND_ORE","2_100","1_050"
"77","DEEPSLATE_DIAMOND_ORE","2_100","1_050"
"78","NETHER_GOLD_ORE","440","120"
"79","NETHER_QUARTZ_ORE","640","320"
"80","ANCIENT_DEBRIS","4_600","2_300"
"81","COAL_BLOCK","1_152","576"
"82","RAW_IRON_BLOCK","4_320","2_170"
"83","RAW_COPPER_BLOCK","2_304","1_152"
"84","RAW_GOLD_BLOCK","5_760","3_180"
"85","HEAVY_CORE","3_200","1_600"
"86","AMETHYST_BLOCK","320","160"
"87","BUDDING_AMETHYST","320","160"
"88","IRON_BLOCK","4_320","2_170"
"89","COPPER_BLOCK","2_304","1_152"
"90","GOLD_BLOCK","5_760","3_180"
"91","DIAMOND_BLOCK","18_900","6_450"
"92","NETHERITE_BLOCK","68_000","30_000"
"93","EXPOSED_COPPER","128","64"
"94","WEATHERED_COPPER","128","64"
"95","OXIDIZED_COPPER","128","64"
"96","CHISELED_COPPER","128","64"
"97","EXPOSED_CHISELED_COPPER","128","64"
"98","WEATHERED_CHISELED_COPPER","128","64"
"99","OXIDIZED_CHISELED_COPPER","128","64"
"100","CUT_COPPER","128","64"
"101","EXPOSED_CUT_COPPER","128","64"
"102","WEATHERED_CUT_COPPER","128","64"
"103","OXIDIZED_CUT_COPPER","128","64"
"104","CUT_COPPER_STAIRS","64","32"
"105","EXPOSED_CUT_COPPER_STAIRS","64","32"
"106","WEATHERED_CUT_COPPER_STAIRS","64","32"
"107","OXIDIZED_CUT_COPPER_STAIRS","64","32"
"108","CUT_COPPER_SLAB","64","32"
"109","EXPOSED_CUT_COPPER_SLAB","64","32"
"110","WEATHERED_CUT_COPPER_SLAB","64","32"
"111","OXIDIZED_CUT_COPPER_SLAB","64","32"
"112","WAXED_COPPER_BLOCK","128","64"
"113","WAXED_EXPOSED_COPPER","128","64"
"114","WAXED_WEATHERED_COPPER","128","64"
"115","WAXED_OXIDIZED_COPPER","128","64"
"116","WAXED_CHISELED_COPPER","128","64"
"117","WAXED_EXPOSED_CHISELED_COPPER","128","64"
"118","WAXED_WEATHERED_CHISELED_COPPER","128","64"
"119","WAXED_OXIDIZED_CHISELED_COPPER","128","64"
"120","WAXED_CUT_COPPER","128","64"
"121","WAXED_EXPOSED_CUT_COPPER","128","64"
"122","WAXED_WEATHERED_CUT_COPPER","128","64"
"123","WAXED_OXIDIZED_CUT_COPPER","128","64"
"124","WAXED_CUT_COPPER_STAIRS","64","32"
"125","WAXED_EXPOSED_CUT_COPPER_STAIRS","64","32"
"126","WAXED_WEATHERED_CUT_COPPER_STAIRS","64","32"
"127","WAXED_OXIDIZED_CUT_COPPER_STAIRS","64","32"
"128","WAXED_CUT_COPPER_SLAB","64","32"
"129","WAXED_EXPOSED_CUT_COPPER_SLAB","64","32"
"130","WAXED_WEATHERED_CUT_COPPER_SLAB","64","32"
"131","WAXED_OXIDIZED_CUT_COPPER_SLAB","64","32"
"132","OAK_LOG","128","64"
"133","SPRUCE_LOG","128","64"
"134","BIRCH_LOG","128","64"
"135","JUNGLE_LOG","128","64"
"136","ACACIA_LOG","128","64"
"137","CHERRY_LOG","128","64"
"138","DARK_OAK_LOG","128","64"
"139","MANGROVE_LOG","128","64"
"140","MANGROVE_ROOTS","128","64"
"141","MUDDY_MANGROVE_ROOTS","128","64"
"142","CRIMSON_STEM","128","64"
"143","WARPED_STEM","128","64"
"144","BAMBOO_BLOCK","128","64"
"145","STRIPPED_OAK_LOG","128","64"
"146","STRIPPED_SPRUCE_LOG","128","64"
"147","STRIPPED_BIRCH_LOG","128","64"
"148","STRIPPED_JUNGLE_LOG","128","64"
"149","STRIPPED_ACACIA_LOG","128","64"
"150","STRIPPED_CHERRY_LOG","128","64"
"151","STRIPPED_DARK_OAK_LOG","128","64"
"152","STRIPPED_MANGROVE_LOG","128","64"
"153","STRIPPED_CRIMSON_STEM","128","64"
"154","STRIPPED_WARPED_STEM","128","64"
"155","STRIPPED_OAK_WOOD","128","64"
"156","STRIPPED_SPRUCE_WOOD","128","64"
"157","STRIPPED_BIRCH_WOOD","128","64"
"158","STRIPPED_JUNGLE_WOOD","128","64"
"159","STRIPPED_ACACIA_WOOD","128","64"
"160","STRIPPED_CHERRY_WOOD","128","64"
"161","STRIPPED_DARK_OAK_WOOD","128","64"
"162","STRIPPED_MANGROVE_WOOD","128","64"
"163","STRIPPED_CRIMSON_HYPHAE","128","64"
"164","STRIPPED_WARPED_HYPHAE","128","64"
"165","STRIPPED_BAMBOO_BLOCK","128","64"
"166","OAK_WOOD","128","64"
"167","SPRUCE_WOOD","128","64"
"168","BIRCH_WOOD","128","64"
"169","JUNGLE_WOOD","128","64"
"170","ACACIA_WOOD","128","64"
"171","CHERRY_WOOD","128","64"
"172","DARK_OAK_WOOD","128","64"
"173","MANGROVE_WOOD","128","64"
"174","CRIMSON_HYPHAE","128","64"
"175","WARPED_HYPHAE","128","64"
"176","OAK_LEAVES","32","16"
"177","SPRUCE_LEAVES","32","16"
"178","BIRCH_LEAVES","32","16"
"179","JUNGLE_LEAVES","32","16"
"180","ACACIA_LEAVES","32","16"
"181","CHERRY_LEAVES","32","16"
"182","DARK_OAK_LEAVES","32","16"
"183","MANGROVE_LEAVES","32","16"
"184","AZALEA_LEAVES","32","16"
"185","FLOWERING_AZALEA_LEAVES","32","16"
"186","SPONGE","64","32"
"187","WET_SPONGE","64","32"
"188","GLASS","64","32"
"189","TINTED_GLASS","64","32"
"190","LAPIS_BLOCK","5_760","2_600"
"191","SANDSTONE","128","32"
"192","CHISELED_SANDSTONE","128","32"
"193","CUT_SANDSTONE","128","32"
"194","COBWEB","128","32"
"195","SHORT_GRASS","32","16"
"196","FERN","32","16"
"197","AZALEA","32","16"
"198","FLOWERING_AZALEA","32","16"
"199","DEAD_BUSH","32","16"
"200","SEAGRASS","32","16"
"201","SEA_PICKLE","32","16"
"202","WHITE_WOOL","64","32"
"203","ORANGE_WOOL","64","32"
"204","MAGENTA_WOOL","64","32"
"205","LIGHT_BLUE_WOOL","64","32"
"206","YELLOW_WOOL","64","32"
"207","LIME_WOOL","64","32"
"208","PINK_WOOL","64","32"
"209","GRAY_WOOL","64","32"
"210","LIGHT_GRAY_WOOL","64","32"
"211","CYAN_WOOL","64","32"
"212","PURPLE_WOOL","64","32"
"213","BLUE_WOOL","64","32"
"214","BROWN_WOOL","64","32"
"215","GREEN_WOOL","64","32"
"216","RED_WOOL","64","32"
"217","BLACK_WOOL","64","32"
"218","DANDELION","32","16"
"219","POPPY","32","16"
"220","BLUE_ORCHID","32","16"
"221","ALLIUM","32","16"
"222","AZURE_BLUET","32","16"
"223","RED_TULIP","32","16"
"224","ORANGE_TULIP","32","16"
"225","WHITE_TULIP","32","16"
"226","PINK_TULIP","32","16"
"227","OXEYE_DAISY","32","16"
"228","CORNFLOWER","32","16"
"229","LILY_OF_THE_VALLEY","32","16"
"230","WITHER_ROSE","3200","1600"
"231","TORCHFLOWER","32","16"
"232","PITCHER_PLANT","32","16"
"233","SPORE_BLOSSOM","32","16"
"234","BROWN_MUSHROOM","32","16"
"235","RED_MUSHROOM","32","16"
"236","CRIMSON_FUNGUS","32","16"
"237","WARPED_FUNGUS","32","16"
"238","CRIMSON_ROOTS","32","16"
"239","WARPED_ROOTS","32","16"
"240","NETHER_SPROUTS","32","16"
"241","WEEPING_VINES","32","16"
"242","TWISTING_VINES","32","16"
"243","SUGAR_CANE","32","16"
"244","KELP","32","16"
"245","MOSS_CARPET","32","16"
"246","PINK_PETALS","32","16"
"247","MOSS_BLOCK","32","16"
"248","HANGING_ROOTS","32","16"
"249","BIG_DRIPLEAF","32","16"
"250","SMALL_DRIPLEAF","32","16"
"251","BAMBOO","32","16"
"252","OAK_SLAB","32","16"
"253","SPRUCE_SLAB","32","16"
"254","BIRCH_SLAB","32","16"
"255","JUNGLE_SLAB","32","16"
"256","ACACIA_SLAB","32","16"
"257","CHERRY_SLAB","32","16"
"258","DARK_OAK_SLAB","32","16"
"259","MANGROVE_SLAB","32","16"
"260","BAMBOO_SLAB","32","16"
"261","BAMBOO_MOSAIC_SLAB","32","16"
"262","CRIMSON_SLAB","32","16"
"263","WARPED_SLAB","32","16"
"264","STONE_SLAB","32","16"
"265","SMOOTH_STONE_SLAB","32","16"
"266","SANDSTONE_SLAB","32","16"
"267","CUT_SANDSTONE_SLAB","32","16"
"268","PETRIFIED_OAK_SLAB","32","16"
"269","COBBLESTONE_SLAB","32","16"
"270","BRICK_SLAB","32","16"
"271","STONE_BRICK_SLAB","32","16"
"272","MUD_BRICK_SLAB","32","16"
"273","NETHER_BRICK_SLAB","32","16"
"274","QUARTZ_SLAB","32","16"
"275","RED_SANDSTONE_SLAB","32","16"
"276","CUT_RED_SANDSTONE_SLAB","32","16"
"277","PURPUR_SLAB","320","160"
"278","PRISMARINE_SLAB","320","160"
"279","PRISMARINE_BRICK_SLAB","320","160"
"280","DARK_PRISMARINE_SLAB","320","160"
"281","SMOOTH_QUARTZ","320","160"
"282","SMOOTH_RED_SANDSTONE","64","32"
"283","SMOOTH_SANDSTONE","64","32"
"284","SMOOTH_STONE","64","32"
"285","BRICKS","64","32"
"286","BOOKSHELF","256","120"
"287","CHISELED_BOOKSHELF","256","120"
"288","DECORATED_POT","256","120"
"289","MOSSY_COBBLESTONE","256","120"
"290","OBSIDIAN","960","440"
"291","TORCH","16","8"
"292","END_ROD","320","160"
"293","CHORUS_PLANT","320","160"
"294","CHORUS_FLOWER","320","160"
"295","PURPUR_BLOCK","320","160"
"296","PURPUR_PILLAR","320","160"
"297","PURPUR_STAIRS","320","160"
"298","SPAWNER","32_000_000","8_000_000"
"299","CHEST","128","64"
"300","CRAFTING_TABLE","128","64"
"301","FARMLAND","128","64"
"302","FURNACE","128","64"
"303","LADDER","128","64"
"304","COBBLESTONE_STAIRS","32","16"
"305","SNOW","32","16"
"306","ICE","32","16"
"307","SNOW_BLOCK","32","16"
"308","CACTUS","32","16"
"309","CLAY","16","6"
"310","JUKEBOX","320","160"
"311","OAK_FENCE","32","16"
"312","SPRUCE_FENCE","32","16"
"313","BIRCH_FENCE","32","16"
"314","JUNGLE_FENCE","32","16"
"315","ACACIA_FENCE","32","16"
"316","CHERRY_FENCE","32","16"
"317","DARK_OAK_FENCE","32","16"
"318","MANGROVE_FENCE","32","16"
"319","BAMBOO_FENCE","32","16"
"320","CRIMSON_FENCE","32","16"
"321","WARPED_FENCE","32","16"
"322","PUMPKIN","32","16"
"323","CARVED_PUMPKIN","32","16"
"324","JACK_O_LANTERN","32","16"
"325","NETHERRACK","32","16"
"326","SOUL_SAND","32","16"
"327","SOUL_SOIL","32","16"
"328","BASALT","32","16"
"329","POLISHED_BASALT","32","16"
"330","SMOOTH_BASALT","32","16"
"331","SOUL_TORCH","16","8"
"332","GLOWSTONE","64","32"
"333","INFESTED_STONE","320","160"
"334","INFESTED_COBBLESTONE","320","160"
"335","INFESTED_STONE_BRICKS","320","160"
"336","INFESTED_MOSSY_STONE_BRICKS","320","160"
"337","INFESTED_CRACKED_STONE_BRICKS","320","160"
"338","INFESTED_CHISELED_STONE_BRICKS","320","160"
"339","INFESTED_DEEPSLATE","320","160"
"340","STONE_BRICKS","64","32"
"341","MOSSY_STONE_BRICKS","64","32"
"342","CRACKED_STONE_BRICKS","64","32"
"343","CHISELED_STONE_BRICKS","64","32"
"344","PACKED_MUD","64","32"
"345","MUD_BRICKS","64","32"
"346","DEEPSLATE_BRICKS","64","32"
"347","CRACKED_DEEPSLATE_BRICKS","64","32"
"348","DEEPSLATE_TILES","64","32"
"349","CRACKED_DEEPSLATE_TILES","64","32"
"350","CHISELED_DEEPSLATE","64","32"
"351","REINFORCED_DEEPSLATE","64","32"
"352","BROWN_MUSHROOM_BLOCK","64","32"
"353","RED_MUSHROOM_BLOCK","64","32"
"354","MUSHROOM_STEM","64","32"
"355","IRON_BARS","12","6"
"356","CHAIN","64","32"
"357","GLASS_PANE","26","8"
"358","MELON","64","32"
"359","VINE","64","32"
"360","GLOW_LICHEN","64","32"
"361","BRICK_STAIRS","34","12"
"362","STONE_BRICK_STAIRS","34","12"
"363","MUD_BRICK_STAIRS","34","12"
"364","MYCELIUM","120","60"
"365","LILY_PAD","32","16"
"366","NETHER_BRICKS","32","16"
"367","CRACKED_NETHER_BRICKS","32","16"
"368","CHISELED_NETHER_BRICKS","32","16"
"369","NETHER_BRICK_FENCE","32","16"
"370","NETHER_BRICK_STAIRS","32","16"
"371","SCULK","320","160"
"372","SCULK_VEIN","320","160"
"373","SCULK_CATALYST","320","160"
"374","SCULK_SHRIEKER","320","160"
"375","ENCHANTING_TABLE","6200","3400"
"376","END_PORTAL_FRAME","62_000_000","12_000_000"
"377","END_STONE","32","16"
"378","END_STONE_BRICKS","32","16"
"379","DRAGON_EGG","82_000_000","16_000_000"
"380","SANDSTONE_STAIRS","32","16"
"381","ENDER_CHEST","8900","3400"
"382","EMERALD_BLOCK","9999","1"
"383","OAK_STAIRS","32","12"
"384","SPRUCE_STAIRS","32","12"
"385","BIRCH_STAIRS","32","12"
"386","JUNGLE_STAIRS","32","12"
"387","ACACIA_STAIRS","32","12"
"388","CHERRY_STAIRS","32","12"
"389","DARK_OAK_STAIRS","32","12"
"390","MANGROVE_STAIRS","32","12"
"391","BAMBOO_STAIRS","32","12"
"392","BAMBOO_MOSAIC_STAIRS","32","12"
"393","CRIMSON_STAIRS","32","12"
"394","WARPED_STAIRS","32","12"
"395","COMMAND_BLOCK","490_000_000","12_000_000"
"396","BEACON","12_900","4_000"
"397","COBBLESTONE_WALL","32","16"
"398","MOSSY_COBBLESTONE_WALL","32","16"
"399","BRICK_WALL","32","16"
"400","PRISMARINE_WALL","89","42"
"401","RED_SANDSTONE_WALL","32","16"
"402","MOSSY_STONE_BRICK_WALL","32","16"
"403","GRANITE_WALL","32","16"
"404","STONE_BRICK_WALL","32","16"
"405","MUD_BRICK_WALL","32","16"
"406","NETHER_BRICK_WALL","32","16"
"407","ANDESITE_WALL","32","16"
"408","RED_NETHER_BRICK_WALL","32","16"
"409","SANDSTONE_WALL","32","16"
"410","END_STONE_BRICK_WALL","32","16"
"411","DIORITE_WALL","32","16"
"412","BLACKSTONE_WALL","32","16"
"413","POLISHED_BLACKSTONE_WALL","32","16"
"414","POLISHED_BLACKSTONE_BRICK_WALL","32","16"
"415","COBBLED_DEEPSLATE_WALL","32","16"
"416","POLISHED_DEEPSLATE_WALL","32","16"
"417","DEEPSLATE_BRICK_WALL","32","16"
"418","DEEPSLATE_TILE_WALL","32","16"
"419","ANVIL","19200","8245"
"420","CHIPPED_ANVIL","19200","8245"
"421","DAMAGED_ANVIL","19200","8245"
"422","CHISELED_QUARTZ_BLOCK","128","32"
"423","QUARTZ_BLOCK","64","28"
"424","QUARTZ_BRICKS","64","28"
"425","QUARTZ_PILLAR","64","28"
"426","QUARTZ_STAIRS","64","28"
"427","WHITE_TERRACOTTA","64","28"
"428","ORANGE_TERRACOTTA","64","28"
"429","MAGENTA_TERRACOTTA","64","28"
"430","LIGHT_BLUE_TERRACOTTA","64","28"
"431","YELLOW_TERRACOTTA","64","28"
"432","LIME_TERRACOTTA","64","28"
"433","PINK_TERRACOTTA","64","28"
"434","GRAY_TERRACOTTA","64","28"
"435","LIGHT_GRAY_TERRACOTTA","64","28"
"436","CYAN_TERRACOTTA","64","28"
"437","PURPLE_TERRACOTTA","64","28"
"438","BLUE_TERRACOTTA","64","28"
"439","BROWN_TERRACOTTA","64","28"
"440","GREEN_TERRACOTTA","64","28"
"441","RED_TERRACOTTA","64","28"
"442","BLACK_TERRACOTTA","64","28"
"443","BARRIER","999999999","22"
"444","LIGHT","9000","213"
"445","HAY_BLOCK","128","32"
"446","WHITE_CARPET","16","5"
"447","ORANGE_CARPET","16","5"
"448","MAGENTA_CARPET","16","5"
"449","LIGHT_BLUE_CARPET","16","5"
"450","YELLOW_CARPET","16","5"
"451","LIME_CARPET","16","5"
"452","PINK_CARPET","16","5"
"453","GRAY_CARPET","16","5"
"454","LIGHT_GRAY_CARPET","16","5"
"455","CYAN_CARPET","16","5"
"456","PURPLE_CARPET","16","5"
"457","BLUE_CARPET","16","5"
"458","BROWN_CARPET","16","5"
"459","GREEN_CARPET","16","5"
"460","RED_CARPET","16","5"
"461","BLACK_CARPET","16","5"
"462","TERRACOTTA","32","16"
"463","PACKED_ICE","32","16"
"464","DIRT_PATH","32","16"
"465","SUNFLOWER","32","16"
"466","LILAC","32","16"
"467","ROSE_BUSH","32","16"
"468","PEONY","32","16"
"469","TALL_GRASS","32","16"
"470","LARGE_FERN","32","16"
"471","WHITE_STAINED_GLASS","32","12"
"472","ORANGE_STAINED_GLASS","32","12"
"473","MAGENTA_STAINED_GLASS","32","12"
"474","LIGHT_BLUE_STAINED_GLASS","32","12"
"475","YELLOW_STAINED_GLASS","32","12"
"476","LIME_STAINED_GLASS","32","12"
"477","PINK_STAINED_GLASS","32","12"
"478","GRAY_STAINED_GLASS","32","12"
"479","LIGHT_GRAY_STAINED_GLASS","32","12"
"480","CYAN_STAINED_GLASS","32","12"
"481","PURPLE_STAINED_GLASS","32","12"
"482","BLUE_STAINED_GLASS","32","12"
"483","BROWN_STAINED_GLASS","32","12"
"484","GREEN_STAINED_GLASS","32","12"
"485","RED_STAINED_GLASS","32","12"
"486","BLACK_STAINED_GLASS","32","12"
"487","WHITE_STAINED_GLASS_PANE","32","12"
"488","ORANGE_STAINED_GLASS_PANE","32","12"
"489","MAGENTA_STAINED_GLASS_PANE","32","12"
"490","LIGHT_BLUE_STAINED_GLASS_PANE","32","12"
"491","YELLOW_STAINED_GLASS_PANE","32","12"
"492","LIME_STAINED_GLASS_PANE","32","12"
"493","PINK_STAINED_GLASS_PANE","32","12"
"494","GRAY_STAINED_GLASS_PANE","32","12"
"495","LIGHT_GRAY_STAINED_GLASS_PANE","32","12"
"496","CYAN_STAINED_GLASS_PANE","32","12"
"497","PURPLE_STAINED_GLASS_PANE","32","12"
"498","BLUE_STAINED_GLASS_PANE","32","12"
"499","BROWN_STAINED_GLASS_PANE","32","12"
"500","GREEN_STAINED_GLASS_PANE","32","12"
"501","RED_STAINED_GLASS_PANE","32","12"
"502","BLACK_STAINED_GLASS_PANE","32","12"
"503","PRISMARINE","54","24"
"504","PRISMARINE_BRICKS","54","24"
"505","DARK_PRISMARINE","54","24"
"506","PRISMARINE_STAIRS","54","24"
"507","PRISMARINE_BRICK_STAIRS","54","24"
"508","DARK_PRISMARINE_STAIRS","54","24"
"509","SEA_LANTERN","54","24"
"510","RED_SANDSTONE","32","16"
"511","CHISELED_RED_SANDSTONE","32","16"
"512","CUT_RED_SANDSTONE","32","16"
"513","RED_SANDSTONE_STAIRS","32","16"
"514","REPEATING_COMMAND_BLOCK","490_000_000","12_000_000"
"515","CHAIN_COMMAND_BLOCK","490_000_000","12_000_000"
"516","MAGMA_BLOCK","128","64"
"517","NETHER_WART_BLOCK","128","64"
"518","WARPED_WART_BLOCK","128","64"
"519","RED_NETHER_BRICKS","128","64"
"520","BONE_BLOCK","128","64"
"521","STRUCTURE_VOID","24_000_000","1_000_000"
"522","SHULKER_BOX","2460","1120"
"523","WHITE_SHULKER_BOX","2460","1120"
"524","ORANGE_SHULKER_BOX","2460","1120"
"525","MAGENTA_SHULKER_BOX","2460","1120"
"526","LIGHT_BLUE_SHULKER_BOX","2460","1120"
"527","YELLOW_SHULKER_BOX","2460","1120"
"528","LIME_SHULKER_BOX","2460","1120"
"529","PINK_SHULKER_BOX","2460","1120"
"530","GRAY_SHULKER_BOX","2460","1120"
"531","LIGHT_GRAY_SHULKER_BOX","2460","1120"
"532","CYAN_SHULKER_BOX","2460","1120"
"533","PURPLE_SHULKER_BOX","2460","1120"
"534","BLUE_SHULKER_BOX","2460","1120"
"535","BROWN_SHULKER_BOX","2460","1120"
"536","GREEN_SHULKER_BOX","2460","1120"
"537","RED_SHULKER_BOX","2460","1120"
"538","BLACK_SHULKER_BOX","2460","1120"
"539","WHITE_GLAZED_TERRACOTTA","128","32"
"540","ORANGE_GLAZED_TERRACOTTA","128","32"
"541","MAGENTA_GLAZED_TERRACOTTA","128","32"
"542","LIGHT_BLUE_GLAZED_TERRACOTTA","128","32"
"543","YELLOW_GLAZED_TERRACOTTA","128","32"
"544","LIME_GLAZED_TERRACOTTA","128","32"
"545","PINK_GLAZED_TERRACOTTA","128","32"
"546","GRAY_GLAZED_TERRACOTTA","128","32"
"547","LIGHT_GRAY_GLAZED_TERRACOTTA","128","32"
"548","CYAN_GLAZED_TERRACOTTA","128","32"
"549","PURPLE_GLAZED_TERRACOTTA","128","32"
"550","BLUE_GLAZED_TERRACOTTA","128","32"
"551","BROWN_GLAZED_TERRACOTTA","128","32"
"552","GREEN_GLAZED_TERRACOTTA","128","32"
"553","RED_GLAZED_TERRACOTTA","128","32"
"554","BLACK_GLAZED_TERRACOTTA","128","32"
"555","WHITE_CONCRETE","128","32"
"556","ORANGE_CONCRETE","128","32"
"557","MAGENTA_CONCRETE","128","32"
"558","LIGHT_BLUE_CONCRETE","128","32"
"559","YELLOW_CONCRETE","128","32"
"560","LIME_CONCRETE","128","32"
"561","PINK_CONCRETE","128","32"
"562","GRAY_CONCRETE","128","32"
"563","LIGHT_GRAY_CONCRETE","128","32"
"564","CYAN_CONCRETE","128","32"
"565","PURPLE_CONCRETE","128","32"
"566","BLUE_CONCRETE","128","32"
"567","BROWN_CONCRETE","128","32"
"568","GREEN_CONCRETE","128","32"
"569","RED_CONCRETE","128","32"
"570","BLACK_CONCRETE","128","32"
"571","WHITE_CONCRETE_POWDER","92","32"
"572","ORANGE_CONCRETE_POWDER","92","32"
"573","MAGENTA_CONCRETE_POWDER","92","32"
"574","LIGHT_BLUE_CONCRETE_POWDER","92","32"
"575","YELLOW_CONCRETE_POWDER","92","32"
"576","LIME_CONCRETE_POWDER","92","32"
"577","PINK_CONCRETE_POWDER","92","32"
"578","GRAY_CONCRETE_POWDER","92","32"
"579","LIGHT_GRAY_CONCRETE_POWDER","92","32"
"580","CYAN_CONCRETE_POWDER","92","32"
"581","PURPLE_CONCRETE_POWDER","92","32"
"582","BLUE_CONCRETE_POWDER","92","32"
"583","BROWN_CONCRETE_POWDER","92","32"
"584","GREEN_CONCRETE_POWDER","92","32"
"585","RED_CONCRETE_POWDER","92","32"
"586","BLACK_CONCRETE_POWDER","92","32"
"587","TURTLE_EGG","92","32"
"588","SNIFFER_EGG","92","32"
"589","DEAD_TUBE_CORAL_BLOCK","92","32"
"590","DEAD_BRAIN_CORAL_BLOCK","92","32"
"591","DEAD_BUBBLE_CORAL_BLOCK","92","32"
"592","DEAD_FIRE_CORAL_BLOCK","92","32"
"593","DEAD_HORN_CORAL_BLOCK","92","32"
"594","TUBE_CORAL_BLOCK","92","32"
"595","BRAIN_CORAL_BLOCK","92","32"
"596","BUBBLE_CORAL_BLOCK","92","32"
"597","FIRE_CORAL_BLOCK","92","32"
"598","HORN_CORAL_BLOCK","92","32"
"599","TUBE_CORAL","92","32"
"600","BRAIN_CORAL","92","32"
"601","BUBBLE_CORAL","92","32"
"602","FIRE_CORAL","92","32"
"603","HORN_CORAL","92","32"
"604","DEAD_BRAIN_CORAL","92","32"
"605","DEAD_BUBBLE_CORAL","92","32"
"606","DEAD_FIRE_CORAL","92","32"
"607","DEAD_HORN_CORAL","92","32"
"608","DEAD_TUBE_CORAL","92","32"
"609","TUBE_CORAL_FAN","92","32"
"610","BRAIN_CORAL_FAN","92","32"
"611","BUBBLE_CORAL_FAN","92","32"
"612","FIRE_CORAL_FAN","92","32"
"613","HORN_CORAL_FAN","92","32"
"614","DEAD_TUBE_CORAL_FAN","92","32"
"615","DEAD_BRAIN_CORAL_FAN","92","32"
"616","DEAD_BUBBLE_CORAL_FAN","92","32"
"617","DEAD_FIRE_CORAL_FAN","92","32"
"618","DEAD_HORN_CORAL_FAN","92","32"
"619","BLUE_ICE","92","32"
"620","CONDUIT","2300","1150"
"621","POLISHED_GRANITE_STAIRS","32","16"
"622","SMOOTH_RED_SANDSTONE_STAIRS","32","16"
"623","MOSSY_STONE_BRICK_STAIRS","32","16"
"624","POLISHED_DIORITE_STAIRS","32","16"
"625","MOSSY_COBBLESTONE_STAIRS","32","16"
"626","END_STONE_BRICK_STAIRS","32","16"
"627","STONE_STAIRS","32","16"
"628","SMOOTH_SANDSTONE_STAIRS","32","16"
"629","SMOOTH_QUARTZ_STAIRS","32","16"
"630","GRANITE_STAIRS","32","16"
"631","ANDESITE_STAIRS","32","16"
"632","RED_NETHER_BRICK_STAIRS","32","16"
"633","POLISHED_ANDESITE_STAIRS","32","16"
"634","DIORITE_STAIRS","32","16"
"635","COBBLED_DEEPSLATE_STAIRS","32","16"
"636","POLISHED_DEEPSLATE_STAIRS","32","16"
"637","DEEPSLATE_BRICK_STAIRS","32","16"
"638","DEEPSLATE_TILE_STAIRS","32","16"
"639","POLISHED_GRANITE_SLAB","32","16"
"640","SMOOTH_RED_SANDSTONE_SLAB","32","16"
"641","MOSSY_STONE_BRICK_SLAB","32","16"
"642","POLISHED_DIORITE_SLAB","32","16"
"643","MOSSY_COBBLESTONE_SLAB","32","16"
"644","END_STONE_BRICK_SLAB","32","16"
"645","SMOOTH_SANDSTONE_SLAB","32","16"
"646","SMOOTH_QUARTZ_SLAB","32","16"
"647","GRANITE_SLAB","32","16"
"648","ANDESITE_SLAB","32","16"
"649","RED_NETHER_BRICK_SLAB","32","16"
"650","POLISHED_ANDESITE_SLAB","32","16"
"651","DIORITE_SLAB","32","16"
"652","COBBLED_DEEPSLATE_SLAB","32","16"
"653","POLISHED_DEEPSLATE_SLAB","32","16"
"654","DEEPSLATE_BRICK_SLAB","32","16"
"655","DEEPSLATE_TILE_SLAB","32","16"
"656","SCAFFOLDING","32","16"
"657","REDSTONE","92","16"
"658","REDSTONE_TORCH","32","16"
"659","REDSTONE_BLOCK","828","342"
"660","REPEATER","32","16"
"661","COMPARATOR","32","16"
"662","PISTON","321","120"
"663","STICKY_PISTON","321","120"
"664","SLIME_BLOCK","420","170"
"665","HONEY_BLOCK","420","170"
"666","OBSERVER","321","120"
"667","HOPPER","321","120"
"668","DISPENSER","321","120"
"669","DROPPER","321","120"
"670","LECTERN","240","120"
"671","TARGET","240","120"
"672","LEVER","32","16"
"673","LIGHTNING_ROD","32","16"
"674","DAYLIGHT_DETECTOR","162","45"
"675","SCULK_SENSOR","162","45"
"676","CALIBRATED_SCULK_SENSOR","162","45"
"677","TRIPWIRE_HOOK","162","45"
"678","TRAPPED_CHEST","162","45"
"679","TNT","462","145"
"680","REDSTONE_LAMP","462","145"
"681","NOTE_BLOCK","462","145"
"682","STONE_BUTTON","32","16"
"683","POLISHED_BLACKSTONE_BUTTON","32","16"
"684","OAK_BUTTON","32","16"
"685","SPRUCE_BUTTON","32","16"
"686","BIRCH_BUTTON","32","16"
"687","JUNGLE_BUTTON","32","16"
"688","ACACIA_BUTTON","32","16"
"689","CHERRY_BUTTON","32","16"
"690","DARK_OAK_BUTTON","32","16"
"691","MANGROVE_BUTTON","32","16"
"692","BAMBOO_BUTTON","32","16"
"693","CRIMSON_BUTTON","32","16"
"694","WARPED_BUTTON","32","16"
"695","STONE_PRESSURE_PLATE","32","16"
"696","POLISHED_BLACKSTONE_PRESSURE_PLATE","32","16"
"697","LIGHT_WEIGHTED_PRESSURE_PLATE","62","16"
"698","HEAVY_WEIGHTED_PRESSURE_PLATE","72","16"
"699","OAK_PRESSURE_PLATE","32","16"
"700","SPRUCE_PRESSURE_PLATE","32","16"
"701","BIRCH_PRESSURE_PLATE","32","16"
"702","JUNGLE_PRESSURE_PLATE","32","16"
"703","ACACIA_PRESSURE_PLATE","32","16"
"704","CHERRY_PRESSURE_PLATE","32","16"
"705","DARK_OAK_PRESSURE_PLATE","32","16"
"706","MANGROVE_PRESSURE_PLATE","32","16"
"707","BAMBOO_PRESSURE_PLATE","32","16"
"708","CRIMSON_PRESSURE_PLATE","32","16"
"709","WARPED_PRESSURE_PLATE","32","16"
"710","IRON_DOOR","129","53"
"711","OAK_DOOR","62","26"
"712","SPRUCE_DOOR","62","26"
"713","BIRCH_DOOR","62","26"
"714","JUNGLE_DOOR","62","26"
"715","ACACIA_DOOR","62","26"
"716","CHERRY_DOOR","62","26"
"717","DARK_OAK_DOOR","62","26"
"718","MANGROVE_DOOR","62","26"
"719","BAMBOO_DOOR","62","26"
"720","CRIMSON_DOOR","62","26"
"721","WARPED_DOOR","62","26"
"722","COPPER_DOOR","62","26"
"723","EXPOSED_COPPER_DOOR","162","26"
"724","WEATHERED_COPPER_DOOR","162","26"
"725","OXIDIZED_COPPER_DOOR","162","26"
"726","WAXED_COPPER_DOOR","162","26"
"727","WAXED_EXPOSED_COPPER_DOOR","162","26"
"728","WAXED_WEATHERED_COPPER_DOOR","162","26"
"729","WAXED_OXIDIZED_COPPER_DOOR","162","26"
"730","IRON_TRAPDOOR","162","26"
"731","OAK_TRAPDOOR","92","24"
"732","SPRUCE_TRAPDOOR","92","24"
"733","BIRCH_TRAPDOOR","92","24"
"734","JUNGLE_TRAPDOOR","92","24"
"735","ACACIA_TRAPDOOR","92","24"
"736","CHERRY_TRAPDOOR","92","24"
"737","DARK_OAK_TRAPDOOR","92","24"
"738","MANGROVE_TRAPDOOR","92","24"
"739","BAMBOO_TRAPDOOR","92","24"
"740","CRIMSON_TRAPDOOR","92","24"
"741","WARPED_TRAPDOOR","92","24"
"742","COPPER_TRAPDOOR","92","24"
"743","EXPOSED_COPPER_TRAPDOOR","92","24"
"744","WEATHERED_COPPER_TRAPDOOR","92","24"
"745","OXIDIZED_COPPER_TRAPDOOR","92","24"
"746","WAXED_COPPER_TRAPDOOR","92","24"
"747","WAXED_EXPOSED_COPPER_TRAPDOOR","92","24"
"748","WAXED_WEATHERED_COPPER_TRAPDOOR","92","24"
"749","WAXED_OXIDIZED_COPPER_TRAPDOOR","92","24"
"750","OAK_FENCE_GATE","92","24"
"751","SPRUCE_FENCE_GATE","92","24"
"752","BIRCH_FENCE_GATE","92","24"
"753","JUNGLE_FENCE_GATE","92","24"
"754","ACACIA_FENCE_GATE","92","24"
"755","CHERRY_FENCE_GATE","92","24"
"756","DARK_OAK_FENCE_GATE","92","24"
"757","MANGROVE_FENCE_GATE","92","24"
"758","BAMBOO_FENCE_GATE","92","24"
"759","CRIMSON_FENCE_GATE","92","24"
"760","WARPED_FENCE_GATE","92","24"
"761","POWERED_RAIL","192","24"
"762","DETECTOR_RAIL","192","24"
"763","RAIL","192","24"
"764","ACTIVATOR_RAIL","192","24"
"765","SADDLE","192","24"
"766","MINECART","192","24"
"767","CHEST_MINECART","192","24"
"768","FURNACE_MINECART","192","24"
"769","TNT_MINECART","192","24"
"770","HOPPER_MINECART","192","24"
"771","CARROT_ON_A_STICK","92","24"
"772","WARPED_FUNGUS_ON_A_STICK","92","24"
"773","ELYTRA","1_500_000","250_000"
"774","OAK_BOAT","92","24"
"775","OAK_CHEST_BOAT","92","24"
"776","SPRUCE_BOAT","92","24"
"777","SPRUCE_CHEST_BOAT","92","24"
"778","BIRCH_BOAT","92","24"
"779","BIRCH_CHEST_BOAT","92","24"
"780","JUNGLE_BOAT","92","24"
"781","JUNGLE_CHEST_BOAT","92","24"
"782","ACACIA_BOAT","92","24"
"783","ACACIA_CHEST_BOAT","92","24"
"784","CHERRY_BOAT","92","24"
"785","CHERRY_CHEST_BOAT","92","24"
"786","DARK_OAK_BOAT","92","24"
"787","DARK_OAK_CHEST_BOAT","92","24"
"788","MANGROVE_BOAT","92","24"
"789","MANGROVE_CHEST_BOAT","92","24"
"790","BAMBOO_RAFT","92","24"
"791","BAMBOO_CHEST_RAFT","92","24"
"792","STRUCTURE_BLOCK","92_000_000","24_000_000"
"793","JIGSAW","92","24"
"794","TURTLE_HELMET","192","24"
"795","TURTLE_SCUTE","92","24"
"796","ARMADILLO_SCUTE","92","24"
"797","WOLF_ARMOR","92","24"
"798","FLINT_AND_STEEL","292","24"
"799","BOWL","92","24"
"800","APPLE","92","24"
"801","BOW","392","24"
"802","ARROW","292","24"
"803","COAL","128","64"
"804","CHARCOAL","128","64"
"805","DIAMOND","2_100","1_100"
"806","EMERALD","2_400","1_120"
"807","LAPIS_LAZULI","640","320"
"808","QUARTZ","420","210"
"809","AMETHYST_SHARD","210","100"
"810","RAW_IRON","480","210"
"811","IRON_INGOT","480","210"
"812","RAW_COPPER","256","129"
"813","COPPER_INGOT","256","129"
"814","RAW_GOLD","640","320"
"815","GOLD_INGOT","640","320"
"816","NETHERITE_INGOT","7555","2100"
"817","NETHERITE_SCRAP","3400","1100"
"818","WOODEN_SWORD","128","62"
"819","WOODEN_SHOVEL","128","62"
"820","WOODEN_PICKAXE","128","62"
"821","WOODEN_AXE","128","62"
"822","WOODEN_HOE","128","62"
"823","STONE_SWORD","292","124"
"824","STONE_SHOVEL","292","124"
"825","STONE_PICKAXE","292","124"
"826","STONE_AXE","292","124"
"827","STONE_HOE","292","124"
"828","GOLDEN_SWORD","1250","460"
"829","GOLDEN_SHOVEL","1250","460"
"830","GOLDEN_PICKAXE","1250","460"
"831","GOLDEN_AXE","1250","460"
"832","GOLDEN_HOE","1250","460"
"833","IRON_SWORD","892","320"
"834","IRON_SHOVEL","892","320"
"835","IRON_PICKAXE","892","320"
"836","IRON_AXE","892","320"
"837","IRON_HOE","892","320"
"838","DIAMOND_SWORD","3210","1100"
"839","DIAMOND_SHOVEL","3210","1100"
"840","DIAMOND_PICKAXE","3210","1100"
"841","DIAMOND_AXE","3210","1100"
"842","DIAMOND_HOE","3210","1100"
"843","NETHERITE_SWORD","6720","3100"
"844","NETHERITE_SHOVEL","6720","3100"
"845","NETHERITE_PICKAXE","6720","3100"
"846","NETHERITE_AXE","6720","3100"
"847","NETHERITE_HOE","6720","3100"
"848","STICK","16","8"
"849","MUSHROOM_STEW","32","16"
"850","STRING","92","32"
"851","FEATHER","92","32"
"852","GUNPOWDER","92","32"
"853","WHEAT_SEEDS","42","21"
"854","WHEAT","82","42"
"855","BREAD","292","124"
"856","LEATHER_HELMET","292","124"
"857","LEATHER_CHESTPLATE","292","124"
"858","LEATHER_LEGGINGS","292","124"
"859","LEATHER_BOOTS","292","124"
"860","CHAINMAIL_HELMET","3210","1200"
"861","CHAINMAIL_CHESTPLATE","3210","1200"
"862","CHAINMAIL_LEGGINGS","3210","1200"
"863","CHAINMAIL_BOOTS","3210","1200"
"864","IRON_HELMET","4120","2001"
"865","IRON_CHESTPLATE","4120","2001"
"866","IRON_LEGGINGS","4120","2001"
"867","IRON_BOOTS","4120","2001"
"868","DIAMOND_HELMET","8721","3125"
"869","DIAMOND_CHESTPLATE","8721","3125"
"870","DIAMOND_LEGGINGS","8721","3125"
"871","DIAMOND_BOOTS","8721","3125"
"872","GOLDEN_HELMET","5750","2400"
"873","GOLDEN_CHESTPLATE","5750","2400"
"874","GOLDEN_LEGGINGS","5750","2400"
"875","GOLDEN_BOOTS","5750","2400"
"876","NETHERITE_HELMET","9820","4100"
"877","NETHERITE_CHESTPLATE","9820","4100"
"878","NETHERITE_LEGGINGS","9820","4100"
"879","NETHERITE_BOOTS","9820","4100"
"880","FLINT","32","16"
"881","PORKCHOP","192","24"
"882","COOKED_PORKCHOP","192","24"
"883","PAINTING","192","24"
"884","GOLDEN_APPLE","2092","1024"
"885","ENCHANTED_GOLDEN_APPLE","19200","5400"
"886","OAK_SIGN","92","24"
"887","SPRUCE_SIGN","92","24"
"888","BIRCH_SIGN","92","24"
"889","JUNGLE_SIGN","92","24"
"890","ACACIA_SIGN","92","24"
"891","CHERRY_SIGN","92","24"
"892","DARK_OAK_SIGN","92","24"
"893","MANGROVE_SIGN","92","24"
"894","BAMBOO_SIGN","92","24"
"895","CRIMSON_SIGN","92","24"
"896","WARPED_SIGN","92","24"
"897","OAK_HANGING_SIGN","92","24"
"898","SPRUCE_HANGING_SIGN","92","24"
"899","BIRCH_HANGING_SIGN","92","24"
"900","JUNGLE_HANGING_SIGN","92","24"
"901","ACACIA_HANGING_SIGN","92","24"
"902","CHERRY_HANGING_SIGN","92","24"
"903","DARK_OAK_HANGING_SIGN","92","24"
"904","MANGROVE_HANGING_SIGN","92","24"
"905","BAMBOO_HANGING_SIGN","92","24"
"906","CRIMSON_HANGING_SIGN","92","24"
"907","WARPED_HANGING_SIGN","92","24"
"908","BUCKET","592","212"
"909","WATER_BUCKET","692","212"
"910","LAVA_BUCKET","692","212"
"911","POWDER_SNOW_BUCKET","692","212"
"912","SNOWBALL","32","16"
"913","LEATHER","192","42"
"914","MILK_BUCKET","692","212"
"915","PUFFERFISH_BUCKET","692","212"
"916","SALMON_BUCKET","692","212"
"917","COD_BUCKET","692","212"
"918","TROPICAL_FISH_BUCKET","692","212"
"919","AXOLOTL_BUCKET","692","212"
"920","TADPOLE_BUCKET","692","212"
"921","BRICK","24","12"
"922","CLAY_BALL","24","12"
"923","DRIED_KELP_BLOCK","92","32"
"924","PAPER","92","32"
"925","BOOK","92","32"
"926","SLIME_BALL","192","72"
"927","EGG","92","32"
"928","COMPASS","192","32"
"929","RECOVERY_COMPASS","192","32"
"930","BUNDLE","192","32"
"931","FISHING_ROD","192","32"
"932","CLOCK","192","32"
"933","SPYGLASS","192","32"
"934","GLOWSTONE_DUST","292","92"
"935","COD","92","32"
"936","SALMON","92","32"
"937","TROPICAL_FISH","92","32"
"938","PUFFERFISH","92","32"
"939","COOKED_COD","92","32"
"940","COOKED_SALMON","92","32"
"941","INK_SAC","92","32"
"942","GLOW_INK_SAC","92","32"
"943","COCOA_BEANS","92","32"
"944","WHITE_DYE","92","32"
"945","ORANGE_DYE","92","32"
"946","MAGENTA_DYE","92","32"
"947","LIGHT_BLUE_DYE","92","32"
"948","YELLOW_DYE","92","32"
"949","LIME_DYE","92","32"
"950","PINK_DYE","92","32"
"951","GRAY_DYE","92","32"
"952","LIGHT_GRAY_DYE","92","32"
"953","CYAN_DYE","92","32"
"954","PURPLE_DYE","92","32"
"955","BLUE_DYE","92","32"
"956","BROWN_DYE","92","32"
"957","GREEN_DYE","92","32"
"958","RED_DYE","92","32"
"959","BLACK_DYE","92","32"
"960","BONE_MEAL","92","32"
"961","BONE","92","32"
"962","SUGAR","92","32"
"963","CAKE","192","32"
"964","WHITE_BED","192","32"
"965","ORANGE_BED","192","32"
"966","MAGENTA_BED","192","32"
"967","LIGHT_BLUE_BED","192","32"
"968","YELLOW_BED","192","32"
"969","LIME_BED","192","32"
"970","PINK_BED","192","32"
"971","GRAY_BED","192","32"
"972","LIGHT_GRAY_BED","192","32"
"973","CYAN_BED","192","32"
"974","PURPLE_BED","192","32"
"975","BLUE_BED","192","32"
"976","BROWN_BED","192","32"
"977","GREEN_BED","192","32"
"978","RED_BED","192","32"
"979","BLACK_BED","192","32"
"980","COOKIE","192","32"
"981","CRAFTER","192","32"
"982","FILLED_MAP","192","32"
"983","SHEARS","192","32"
"984","MELON_SLICE","192","32"
"985","DRIED_KELP","192","32"
"986","PUMPKIN_SEEDS","192","32"
"987","MELON_SEEDS","192","32"
"988","BEEF","192","32"
"989","COOKED_BEEF","192","32"
"990","CHICKEN","192","32"
"991","COOKED_CHICKEN","192","32"
"992","ROTTEN_FLESH","192","32"
"993","ENDER_PEARL","292","32"
"994","BLAZE_ROD","292","32"
"995","GHAST_TEAR","292","32"
"996","GOLD_NUGGET","192","32"
"997","NETHER_WART","192","32"
"998","POTION","192","32"
"999","GLASS_BOTTLE","192","32"
"1000","SPIDER_EYE","192","32"
"1001","FERMENTED_SPIDER_EYE","192","32"
"1002","BLAZE_POWDER","192","32"
"1003","MAGMA_CREAM","192","32"
"1004","BREWING_STAND","292","32"
"1005","CAULDRON","192","32"
"1006","ENDER_EYE","492","32"
"1007","GLISTERING_MELON_SLICE","192","32"
"1008","ARMADILLO_SPAWN_EGG","0","0"
"1009","ALLAY_SPAWN_EGG","0","0"
"1010","AXOLOTL_SPAWN_EGG","0","0"
"1011","BAT_SPAWN_EGG","0","0"
"1012","BEE_SPAWN_EGG","0","0"
"1013","BLAZE_SPAWN_EGG","0","0"
"1014","BOGGED_SPAWN_EGG","0","0"
"1015","BREEZE_SPAWN_EGG","0","0"
"1016","CAT_SPAWN_EGG","0","0"
"1017","CAMEL_SPAWN_EGG","0","0"
"1018","CAVE_SPIDER_SPAWN_EGG","0","0"
"1019","CHICKEN_SPAWN_EGG","0","0"
"1020","COD_SPAWN_EGG","0","0"
"1021","COW_SPAWN_EGG","0","0"
"1022","CREEPER_SPAWN_EGG","0","0"
"1023","DOLPHIN_SPAWN_EGG","0","0"
"1024","DONKEY_SPAWN_EGG","0","0"
"1025","DROWNED_SPAWN_EGG","0","0"
"1026","ELDER_GUARDIAN_SPAWN_EGG","0","0"
"1027","ENDER_DRAGON_SPAWN_EGG","0","0"
"1028","ENDERMAN_SPAWN_EGG","0","0"
"1029","ENDERMITE_SPAWN_EGG","0","0"
"1030","EVOKER_SPAWN_EGG","0","0"
"1031","FOX_SPAWN_EGG","0","0"
"1032","FROG_SPAWN_EGG","0","0"
"1033","GHAST_SPAWN_EGG","0","0"
"1034","GLOW_SQUID_SPAWN_EGG","0","0"
"1035","GOAT_SPAWN_EGG","0","0"
"1036","GUARDIAN_SPAWN_EGG","0","0"
"1037","HOGLIN_SPAWN_EGG","0","0"
"1038","HORSE_SPAWN_EGG","0","0"
"1039","HUSK_SPAWN_EGG","0","0"
"1040","IRON_GOLEM_SPAWN_EGG","0","0"
"1041","LLAMA_SPAWN_EGG","0","0"
"1042","MAGMA_CUBE_SPAWN_EGG","0","0"
"1043","MOOSHROOM_SPAWN_EGG","0","0"
"1044","MULE_SPAWN_EGG","0","0"
"1045","OCELOT_SPAWN_EGG","0","0"
"1046","PANDA_SPAWN_EGG","0","0"
"1047","PARROT_SPAWN_EGG","0","0"
"1048","PHANTOM_SPAWN_EGG","0","0"
"1049","PIG_SPAWN_EGG","0","0"
"1050","PIGLIN_SPAWN_EGG","0","0"
"1051","PIGLIN_BRUTE_SPAWN_EGG","0","0"
"1052","PILLAGER_SPAWN_EGG","0","0"
"1053","POLAR_BEAR_SPAWN_EGG","0","0"
"1054","PUFFERFISH_SPAWN_EGG","0","0"
"1055","RABBIT_SPAWN_EGG","0","0"
"1056","RAVAGER_SPAWN_EGG","0","0"
"1057","SALMON_SPAWN_EGG","0","0"
"1058","SHEEP_SPAWN_EGG","0","0"
"1059","SHULKER_SPAWN_EGG","0","0"
"1060","SILVERFISH_SPAWN_EGG","0","0"
"1061","SKELETON_SPAWN_EGG","0","0"
"1062","SKELETON_HORSE_SPAWN_EGG","0","0"
"1063","SLIME_SPAWN_EGG","0","0"
"1064","SNIFFER_SPAWN_EGG","0","0"
"1065","SNOW_GOLEM_SPAWN_EGG","0","0"
"1066","SPIDER_SPAWN_EGG","0","0"
"1067","SQUID_SPAWN_EGG","0","0"
"1068","STRAY_SPAWN_EGG","0","0"
"1069","STRIDER_SPAWN_EGG","0","0"
"1070","TADPOLE_SPAWN_EGG","0","0"
"1071","TRADER_LLAMA_SPAWN_EGG","0","0"
"1072","TROPICAL_FISH_SPAWN_EGG","0","0"
"1073","TURTLE_SPAWN_EGG","0","0"
"1074","VEX_SPAWN_EGG","0","0"
"1075","VILLAGER_SPAWN_EGG","0","0"
"1076","VINDICATOR_SPAWN_EGG","0","0"
"1077","WANDERING_TRADER_SPAWN_EGG","0","0"
"1078","WARDEN_SPAWN_EGG","0","0"
"1079","WITCH_SPAWN_EGG","0","0"
"1080","WITHER_SPAWN_EGG","0","0"
"1081","WITHER_SKELETON_SPAWN_EGG","0","0"
"1082","WOLF_SPAWN_EGG","0","0"
"1083","ZOGLIN_SPAWN_EGG","0","0"
"1084","ZOMBIE_SPAWN_EGG","0","0"
"1085","ZOMBIE_HORSE_SPAWN_EGG","0","0"
"1086","ZOMBIE_VILLAGER_SPAWN_EGG","0","0"
"1087","ZOMBIFIED_PIGLIN_SPAWN_EGG","0","0"
"1088","EXPERIENCE_BOTTLE","292","32"
"1089","FIRE_CHARGE","192","32"
"1090","WIND_CHARGE","192","32"
"1091","WRITABLE_BOOK","192","32"
"1092","WRITTEN_BOOK","192","32"
"1093","MACE","11192","32"
"1094","ITEM_FRAME","192","32"
"1095","GLOW_ITEM_FRAME","292","32"
"1096","FLOWER_POT","192","32"
"1097","CARROT","92","32"
"1098","POTATO","92","32"
"1099","BAKED_POTATO","92","32"
"1100","POISONOUS_POTATO","42","12"
"1101","MAP","192","32"
"1102","GOLDEN_CARROT","192","32"
"1103","SKELETON_SKULL","1902","302"
"1104","WITHER_SKELETON_SKULL","1902","302"
"1105","PLAYER_HEAD","1902","302"
"1106","ZOMBIE_HEAD","1902","302"
"1107","CREEPER_HEAD","1902","302"
"1108","DRAGON_HEAD","1902","302"
"1109","PIGLIN_HEAD","1902","302"
"1110","NETHER_STAR","19002","3002"
"1111","PUMPKIN_PIE","192","32"
"1112","FIREWORK_ROCKET","192","32"
"1113","FIREWORK_STAR","192","32"
"1114","ENCHANTED_BOOK","192","32"
"1115","NETHER_BRICK","192","32"
"1116","PRISMARINE_SHARD","192","32"
"1117","PRISMARINE_CRYSTALS","192","32"
"1118","RABBIT","92","41"
"1119","COOKED_RABBIT","92","41"
"1120","RABBIT_STEW","92","41"
"1121","RABBIT_FOOT","92","41"
"1122","RABBIT_HIDE","92","41"
"1123","ARMOR_STAND","92","41"
"1124","IRON_HORSE_ARMOR","92","41"
"1125","GOLDEN_HORSE_ARMOR","92","41"
"1126","DIAMOND_HORSE_ARMOR","92","41"
"1127","LEATHER_HORSE_ARMOR","92","41"
"1128","LEAD","192","41"
"1129","NAME_TAG","192","41"
"1130","COMMAND_BLOCK_MINECART","920000","410000"
"1131","MUTTON","92","41"
"1132","COOKED_MUTTON","92","41"
"1133","WHITE_BANNER","128","42"
"1134","ORANGE_BANNER","128","42"
"1135","MAGENTA_BANNER","128","42"
"1136","LIGHT_BLUE_BANNER","128","42"
"1137","YELLOW_BANNER","128","42"
"1138","LIME_BANNER","128","42"
"1139","PINK_BANNER","128","42"
"1140","GRAY_BANNER","128","42"
"1141","LIGHT_GRAY_BANNER","128","42"
"1142","CYAN_BANNER","128","42"
"1143","PURPLE_BANNER","128","42"
"1144","BLUE_BANNER","128","42"
"1145","BROWN_BANNER","128","42"
"1146","GREEN_BANNER","128","42"
"1147","RED_BANNER","128","42"
"1148","BLACK_BANNER","128","42"
"1149","END_CRYSTAL","128","42"
"1150","CHORUS_FRUIT","128","42"
"1151","POPPED_CHORUS_FRUIT","128","42"
"1152","TORCHFLOWER_SEEDS","128","42"
"1153","PITCHER_POD","128","42"
"1154","BEETROOT","98","42"
"1155","BEETROOT_SEEDS","98","42"
"1156","BEETROOT_SOUP","98","42"
"1157","DRAGON_BREATH","980","420"
"1158","SPLASH_POTION","980","420"
"1159","SPECTRAL_ARROW","980","420"
"1160","TIPPED_ARROW","980","420"
"1161","LINGERING_POTION","980","420"
"1162","SHIELD","980","420"
"1163","TOTEM_OF_UNDYING","9800","4200"
"1164","SHULKER_SHELL","980","420"
"1165","IRON_NUGGET","180","20"
"1166","KNOWLEDGE_BOOK","180","20"
"1167","DEBUG_STICK","1800000","200000"
"1168","MUSIC_DISC_13","3200","1600"
"1169","MUSIC_DISC_CAT","3200","1600"
"1170","MUSIC_DISC_BLOCKS","3200","1600"
"1171","MUSIC_DISC_CHIRP","3200","1600"
"1172","MUSIC_DISC_CREATOR","3200","1600"
"1173","MUSIC_DISC_CREATOR_MUSIC_BOX","3200","1600"
"1174","MUSIC_DISC_FAR","3200","1600"
"1175","MUSIC_DISC_MALL","3200","1600"
"1176","MUSIC_DISC_MELLOHI","3200","1600"
"1177","MUSIC_DISC_STAL","3200","1600"
"1178","MUSIC_DISC_STRAD","3200","1600"
"1179","MUSIC_DISC_WARD","3200","1600"
"1180","MUSIC_DISC_11","3200","1600"
"1181","MUSIC_DISC_WAIT","3200","1600"
"1182","MUSIC_DISC_OTHERSIDE","3200","1600"
"1183","MUSIC_DISC_RELIC","3200","1600"
"1184","MUSIC_DISC_5","3200","1600"
"1185","MUSIC_DISC_PIGSTEP","3200","1600"
"1186","MUSIC_DISC_PRECIPICE","3200","1600"
"1187","DISC_FRAGMENT_5","3200","1600"
"1188","TRIDENT","3200","1600"
"1189","PHANTOM_MEMBRANE","3200","1600"
"1190","NAUTILUS_SHELL","3200","1600"
"1191","HEART_OF_THE_SEA","3200","1600"
"1192","CROSSBOW","320","160"
"1193","SUSPICIOUS_STEW","320","160"
"1194","LOOM","320","160"
"1195","FLOWER_BANNER_PATTERN","129","32"
"1196","CREEPER_BANNER_PATTERN","129","32"
"1197","SKULL_BANNER_PATTERN","129","32"
"1198","MOJANG_BANNER_PATTERN","129","32"
"1199","GLOBE_BANNER_PATTERN","129","32"
"1200","PIGLIN_BANNER_PATTERN","129","32"
"1201","FLOW_BANNER_PATTERN","129","32"
"1202","GUSTER_BANNER_PATTERN","129","32"
"1203","GOAT_HORN","92","32"
"1204","COMPOSTER","92","32"
"1205","BARREL","92","32"
"1206","SMOKER","92","32"
"1207","BLAST_FURNACE","92","32"
"1208","CARTOGRAPHY_TABLE","92","32"
"1209","FLETCHING_TABLE","92","32"
"1210","GRINDSTONE","92","32"
"1211","SMITHING_TABLE","92","32"
"1212","STONECUTTER","92","32"
"1213","BELL","92","32"
"1214","LANTERN","192","32"
"1215","SOUL_LANTERN","192","32"
"1216","SWEET_BERRIES","92","32"
"1217","GLOW_BERRIES","92","32"
"1218","CAMPFIRE","92","32"
"1219","SOUL_CAMPFIRE","92","32"
"1220","SHROOMLIGHT","192","32"
"1221","HONEYCOMB","192","32"
"1222","BEE_NEST","192","32"
"1223","BEEHIVE","192","32"
"1224","HONEY_BOTTLE","92","32"
"1225","HONEYCOMB_BLOCK","292","32"
"1226","LODESTONE","192","32"
"1227","CRYING_OBSIDIAN","492","32"
"1228","BLACKSTONE","92","32"
"1229","BLACKSTONE_SLAB","92","32"
"1230","BLACKSTONE_STAIRS","92","32"
"1231","GILDED_BLACKSTONE","92","32"
"1232","POLISHED_BLACKSTONE","92","32"
"1233","POLISHED_BLACKSTONE_SLAB","92","32"
"1234","POLISHED_BLACKSTONE_STAIRS","92","32"
"1235","CHISELED_POLISHED_BLACKSTONE","92","32"
"1236","POLISHED_BLACKSTONE_BRICKS","92","32"
"1237","POLISHED_BLACKSTONE_BRICK_SLAB","92","32"
"1238","POLISHED_BLACKSTONE_BRICK_STAIRS","92","32"
"1239","CRACKED_POLISHED_BLACKSTONE_BRICKS","92","32"
"1240","RESPAWN_ANCHOR","1290","630"
"1241","CANDLE","129","63"
"1242","WHITE_CANDLE","129","63"
"1243","ORANGE_CANDLE","129","63"
"1244","MAGENTA_CANDLE","129","63"
"1245","LIGHT_BLUE_CANDLE","129","63"
"1246","YELLOW_CANDLE","129","63"
"1247","LIME_CANDLE","129","63"
"1248","PINK_CANDLE","129","63"
"1249","GRAY_CANDLE","129","63"
"1250","LIGHT_GRAY_CANDLE","129","63"
"1251","CYAN_CANDLE","129","63"
"1252","PURPLE_CANDLE","129","63"
"1253","BLUE_CANDLE","129","63"
"1254","BROWN_CANDLE","129","63"
"1255","GREEN_CANDLE","129","63"
"1256","RED_CANDLE","129","63"
"1257","BLACK_CANDLE","129","63"
"1258","SMALL_AMETHYST_BUD","320","160"
"1259","MEDIUM_AMETHYST_BUD","320","160"
"1260","LARGE_AMETHYST_BUD","320","160"
"1261","AMETHYST_CLUSTER","320","160"
"1262","POINTED_DRIPSTONE","3200","1600"
"1263","OCHRE_FROGLIGHT","3200","1600"
"1264","VERDANT_FROGLIGHT","3200","1600"
"1265","PEARLESCENT_FROGLIGHT","3200","1600"
"1266","FROGSPAWN","320","160"
"1267","ECHO_SHARD","3200","1600"
"1268","BRUSH","320","160"
"1269","NETHERITE_UPGRADE_SMITHING_TEMPLATE","3200","1600"
"1270","SENTRY_ARMOR_TRIM_SMITHING_TEMPLATE","3200","1600"
"1271","DUNE_ARMOR_TRIM_SMITHING_TEMPLATE","3200","1600"
"1272","COAST_ARMOR_TRIM_SMITHING_TEMPLATE","3200","1600"
"1273","WILD_ARMOR_TRIM_SMITHING_TEMPLATE","3200","1600"
"1274","WARD_ARMOR_TRIM_SMITHING_TEMPLATE","3200","1600"
"1275","EYE_ARMOR_TRIM_SMITHING_TEMPLATE","3200","1600"
"1276","VEX_ARMOR_TRIM_SMITHING_TEMPLATE","3200","1600"
"1277","TIDE_ARMOR_TRIM_SMITHING_TEMPLATE","3200","1600"
"1278","SNOUT_ARMOR_TRIM_SMITHING_TEMPLATE","3200","1600"
"1279","RIB_ARMOR_TRIM_SMITHING_TEMPLATE","3200","1600"
"1280","SPIRE_ARMOR_TRIM_SMITHING_TEMPLATE","3200","1600"
"1281","WAYFINDER_ARMOR_TRIM_SMITHING_TEMPLATE","3200","1600"
"1282","SHAPER_ARMOR_TRIM_SMITHING_TEMPLATE","3200","1600"
"1283","SILENCE_ARMOR_TRIM_SMITHING_TEMPLATE","3200","1600"
"1284","RAISER_ARMOR_TRIM_SMITHING_TEMPLATE","3200","1600"
"1285","HOST_ARMOR_TRIM_SMITHING_TEMPLATE","3200","1600"
"1286","FLOW_ARMOR_TRIM_SMITHING_TEMPLATE","3200","1600"
"1287","BOLT_ARMOR_TRIM_SMITHING_TEMPLATE","3200","1600"
"1288","ANGLER_POTTERY_SHERD","320","160"
"1289","ARCHER_POTTERY_SHERD","320","160"
"1290","ARMS_UP_POTTERY_SHERD","320","160"
"1291","BLADE_POTTERY_SHERD","320","160"
"1292","BREWER_POTTERY_SHERD","320","160"
"1293","BURN_POTTERY_SHERD","320","160"
"1294","DANGER_POTTERY_SHERD","320","160"
"1295","EXPLORER_POTTERY_SHERD","320","160"
"1296","FLOW_POTTERY_SHERD","320","160"
"1297","FRIEND_POTTERY_SHERD","320","160"
"1298","GUSTER_POTTERY_SHERD","320","160"
"1299","HEART_POTTERY_SHERD","320","160"
"1300","HEARTBREAK_POTTERY_SHERD","320","160"
"1301","HOWL_POTTERY_SHERD","320","160"
"1302","MINER_POTTERY_SHERD","320","160"
"1303","MOURNER_POTTERY_SHERD","320","160"
"1304","PLENTY_POTTERY_SHERD","320","160"
"1305","PRIZE_POTTERY_SHERD","320","160"
"1306","SCRAPE_POTTERY_SHERD","320","160"
"1307","SHEAF_POTTERY_SHERD","320","160"
"1308","SHELTER_POTTERY_SHERD","320","160"
"1309","SKULL_POTTERY_SHERD","320","160"
"1310","SNORT_POTTERY_SHERD","320","160"
"1311","COPPER_GRATE","320","160"
"1312","EXPOSED_COPPER_GRATE","320","160"
"1313","WEATHERED_COPPER_GRATE","320","160"
"1314","OXIDIZED_COPPER_GRATE","320","160"
"1315","WAXED_COPPER_GRATE","320","160"
"1316","WAXED_EXPOSED_COPPER_GRATE","320","160"
"1317","WAXED_WEATHERED_COPPER_GRATE","320","160"
"1318","WAXED_OXIDIZED_COPPER_GRATE","320","160"
"1319","COPPER_BULB","320","160"
"1320","EXPOSED_COPPER_BULB","320","160"
"1321","WEATHERED_COPPER_BULB","320","160"
"1322","OXIDIZED_COPPER_BULB","320","160"
"1323","WAXED_COPPER_BULB","320","160"
"1324","WAXED_EXPOSED_COPPER_BULB","320","160"
"1325","WAXED_WEATHERED_COPPER_BULB","320","160"
"1326","WAXED_OXIDIZED_COPPER_BULB","320","160"
"1327","TRIAL_SPAWNER","3200","1600"
"1328","TRIAL_KEY","3200","1600"
"1329","OMINOUS_TRIAL_KEY","3200","1600"
"1330","VAULT","3200","1600"
"1331","OMINOUS_BOTTLE","3200","1600"
"1332","BREEZE_ROD","320","160"
"1335","TALL_SEAGRASS","32","16"
"1373","COCOA","32","16"
"1374","TRIPWIRE","32","16"
"1402","CARROTS","32","16"
"1403","POTATOES","32","16"
"1427","TORCHFLOWER_CROP","32","16"
"1428","PITCHER_CROP","32","16"
"1429","BEETROOTS","32","16"
"1430","END_GATEWAY","32","16"
"1431","FROSTED_ICE","32","16"
"1432","KELP_PLANT","32","16"
"1443","BAMBOO_SAPLING","32","16"
"1444","POTTED_BAMBOO","32","16"
"1448","SWEET_BERRY_BUSH","32","16"
"1449","WEEPING_VINES_PLANT","32","16"
"1450","TWISTING_VINES_PLANT","32","16"
"1451","CRIMSON_WALL_SIGN","32","16"
"1452","WARPED_WALL_SIGN","32","16"
"1453","POTTED_CRIMSON_FUNGUS","32","16"
"1454","POTTED_WARPED_FUNGUS","32","16"
"1455","POTTED_CRIMSON_ROOTS","32","16"
"1456","POTTED_WARPED_ROOTS","32","16"
"1457","CANDLE_CAKE","32","16"
"1458","WHITE_CANDLE_CAKE","32","16"
"1459","ORANGE_CANDLE_CAKE","32","16"
"1460","MAGENTA_CANDLE_CAKE","32","16"
"1461","LIGHT_BLUE_CANDLE_CAKE","32","16"
"1462","YELLOW_CANDLE_CAKE","32","16"
"1463","LIME_CANDLE_CAKE","32","16"
"1464","PINK_CANDLE_CAKE","32","16"
"1465","GRAY_CANDLE_CAKE","32","16"
"1466","LIGHT_GRAY_CANDLE_CAKE","32","16"
"1467","CYAN_CANDLE_CAKE","32","16"
"1468","PURPLE_CANDLE_CAKE","32","16"
"1469","BLUE_CANDLE_CAKE","32","16"
"1470","BROWN_CANDLE_CAKE","32","16"
"1471","GREEN_CANDLE_CAKE","32","16"
"1472","RED_CANDLE_CAKE","32","16"
"1473","BLACK_CANDLE_CAKE","32","16"
"1474","POWDER_SNOW","32","16"
"1475","CAVE_VINES","32","16"
"1476","CAVE_VINES_PLANT","32","16"
"1477","BIG_DRIPLEAF_STEM","32","16"
"1478","POTTED_AZALEA_BUSH","32","16"
"1479","POTTED_FLOWERING_AZALEA_BUSH","32","16"
